WFOID,IPNID,scientificName,authorship,namePublishedin,nomenclaturalStatus,originalName,originalNameAuthor,distribution
wfo-1000094151,urn:lsid:ipni.org:names:77393473-1,Quercus mzymtica,Melamud,Quercus Nov. 1: 3. 2026 [1 Aug 2026] ,,,,"Krasnodar (North Caucasus, Caucasus, Asia-Temperate)"
wfo-1000094152,urn:lsid:ipni.org:names:77393475-1,Dianthus mezmajensis,Melamud,Dianthi Nov. 1: 3. 2026 [1 Aug 2026] ,,,,"Krasnodar (North Caucasus, Caucasus, Asia-Temperate)"
wfo-1000094154,urn:lsid:ipni.org:names:77393483-1,Dianthus galushkoi,Melamud,Dianthi Nov. 2: 3. 2026 [2 Aug 2026] ,,,,"Krasnodar (North Caucasus, Caucasus, Asia-Temperate)"
wfo-1000094173,urn:lsid:ipni.org:names:77393613-1,Polygonum halophilum,"Hamzaoğlu, Coşkunç. & Makbul",Phytotaxa 768(3): 124. 2026 [4 Aug 2026] ,,,,"Turkey (Western Asia, Asia-Temperate)"
wfo-1000094191,urn:lsid:ipni.org:names:77393633-1,Quercus azischica,Melamud,Quercus Nov. 2: 3. 2026 [4 Aug 2026] ,,,,"Krasnodar (North Caucasus, Caucasus, Asia-Temperate)"
wfo-1000094302,urn:lsid:ipni.org:names:77393781-1,Aristolochia hatayensis,İlçim,Phytotaxa 769(1): 79. 2026 [7 Aug 2026] ,,,,"Turkey (Western Asia, Asia-Temperate)"
wfo-1000094307,urn:lsid:ipni.org:names:77393799-1,Tragopogon macrorhizus,"Suár.-Sant., Roca-Villan., Barb., Vill.-Aguilar & Blanca",Bot. J. Linn. Soc. [early view]: [4 of 15]. 2026 [2 Jul 2026] ,,,,"Spain (Spain, Southwestern Europe, Europe)"
wfo-1000094314,urn:lsid:ipni.org:names:77393915-1,Dianthus marinae,Maalouf & M.Keskin,J. Botany Res. 9(1): 205. 2026 [20 Jul 2026] ,,,,"Lebanon (Lebanon-Syria, Western Asia, Asia-Temperate)"
wfo-1000094315,urn:lsid:ipni.org:names:77393920-1,Saxifraga alpsengulii,Yıldırım,Phytotaxa 769(2): 139. 2026 [11 Aug 2026] ,,,,"Turkey (Western Asia, Asia-Temperate)"
wfo-1200126252,urn:lsid:ipni.org:names:77393956-1,Quercus pedunculata var. dulcis,Loudon,Arbor. Frutic. Brit. 3: 1735. 1838 ,,,,"France (France, Southwestern Europe, Europe)"
wfo-1000094422,urn:lsid:ipni.org:names:77394037-1,Allium erimomeli,"Nikolop., Kit Tan, Duchoslav & Trigas",Pl. Ecol. Evol. 159(3): 472. 2026 [21 Aug 2026] ,,,,"Greece (Southeastern Europe, Europe)"
wfo-1000094496,urn:lsid:ipni.org:names:77394268-1,Linaria alfercensis,"Farminhão, Carapeto, A.Alonso, Mazuecos & L.Sáez",Pl. Ecol. Evol. 159(3): 493. 2026 [25 Aug 2026] ,,,,"Portugal (Southwestern Europe, Europe)"
wfo-1000094671,urn:lsid:ipni.org:names:77395487-1,Fritillaria schirvanica,Sonay & Balos,Int. J. Nat. Life Sci. 10(2): 28. 2026 [9 May 2026] ,,,,"Turkey (Western Asia, Asia-Temperate)"
wfo-1000094673,urn:lsid:ipni.org:names:77395489-1,Fritillaria serapiae,"Sonay, Balos, Yıldırım & Tekşen",Int. J. Nat. Life Sci. 10(2): 36. 2026 [24 Jun 2026] ,,,,"Turkey (Western Asia, Asia-Temperate)"
wfo-1000094674,urn:lsid:ipni.org:names:77395490-1,Fritillaria bercemiae,Sonay & Balos,Int. J. Nat. Life Sci. 10(2): 19. 2026 [18 Apr 2026] ,,,,"Turkey (Western Asia, Asia-Temperate)"
wfo-1000094675,urn:lsid:ipni.org:names:77395492-1,Allium aralii,"Balos, Köse & Sonay",Plants 15(10)-1574: 3. 2026 [21 May 2026] ,,,,"Turkey (Western Asia, Asia-Temperate)"
wfo-1000094676,urn:lsid:ipni.org:names:77395493-1,Allium kazim-kosei,Köse & Balos,Life (Basel) 16(5)-852: 5. 2026 [20 May 2026] ,,,,"Turkey (Western Asia, Asia-Temperate)"
wfo-1000094678,urn:lsid:ipni.org:names:77395499-1,Bilacunaria konyaensis,A.Duran & Lyskov,Phytotaxa 770(2): 82. 2026 [19 Aug 2026] ,,,,"Turkey (Western Asia, Asia-Temperate)"
wfo-1000094682,urn:lsid:ipni.org:names:77395505-1,Ophrys × laureanoi,"Robles, D.Quintana & M.Becerra","Anales Biol., Fac. Biol., Univ. Murcia 44: 98. 2022 [28 Nov 2022] ",,,,"Spain (Spain, Southwestern Europe, Europe)"
wfo-1000094683,urn:lsid:ipni.org:names:77395506-1,Ophrys × pelaezii,"Robles, D.Quintana & M.Becerra","Anales Biol., Fac. Biol., Univ. Murcia 44: 99. 2022 [28 Nov 2022] ",,,,"Spain (Spain, Southwestern Europe, Europe)"
wfo-1000094684,urn:lsid:ipni.org:names:77395507-1,Ophrys × selinensis,H.Blatt & Hertel,Mitteilungsbl. Arbeitskreis Heimische Orchid. Hessen 4(1-2): 8-9. 1982 ,,,,"Kriti (Southeastern Europe, Europe)"
wfo-1000094689,urn:lsid:ipni.org:names:77395521-1,Polygonum aybukeae,M.Keskin & Sonay,Int. J. Nat. Life Sci. 10(2): 45. 2026 [24 Jun 2026] ,,,,"Turkey (Western Asia, Asia-Temperate)"
wfo-1000094690,urn:lsid:ipni.org:names:77395522-1,Polygonum karakocanense,M.Keskin & Sonay,Int. J. Nat. Life Sci. 10(2): 49. 2026 [24 Jun 2026] ,,,,"Turkey (Western Asia, Asia-Temperate)"
wfo-1000094700,urn:lsid:ipni.org:names:77395538-1,Stachys boluensis,"Dirmenci, Akçiçek & Ö.Güner",Phytotaxa 770(3): 189. 2026 [21 Aug 2026] ,,,,"Turkey (Western Asia, Asia-Temperate)"
wfo-1000094726,urn:lsid:ipni.org:names:77395716-1,Dicliptera aegyptiaca,Shamso,Egypt. J. Bot. 59(2): 477. 2019 [Aug 2019] ,,,,"Egypt (Northern Africa, Africa)"
wfo-1000094732,urn:lsid:ipni.org:names:77395735-1,Taraxacum × adulterinum,"Kirschner, Štěpánek & Csathó",Phytotaxa 771(1): 34. 2026 [26 Aug 2026] ,,,,"Hungary (Middle Europe, Europe);Serbia (Yugoslavia, Southeastern Europe, Europe);"
wfo-1000094733,urn:lsid:ipni.org:names:77395736-1,Taraxacum argenteum,Štěpánek & Kirschner,Phytotaxa 771(1): 40. 2026 [26 Aug 2026] ,,,,"Ukraine (Ukraine, Eastern Europe, Europe)"
wfo-1000094734,urn:lsid:ipni.org:names:77395737-1,Taraxacum pseudohypanicum,Štěpánek & Kirschner,Phytotaxa 771(1): 46. 2026 [26 Aug 2026] ,,,,"Ukraine (Ukraine, Eastern Europe, Europe)"
wfo-1000094735,urn:lsid:ipni.org:names:77395738-1,Taraxacum cretaceum,Štěpánek & Kirschner,Phytotaxa 771(1): 47. 2026 [26 Aug 2026] ,,,,"Ukraine (Ukraine, Eastern Europe, Europe)"
wfo-1000094736,urn:lsid:ipni.org:names:77395739-1,Taraxacum paganum,Štěpánek & Kirschner,Phytotaxa 771(1): 49. 2026 [26 Aug 2026] ,,,,"Ukraine (Ukraine, Eastern Europe, Europe)"
wfo-1000094737,urn:lsid:ipni.org:names:77395740-1,Taraxacum coloratum,Štěpánek & Kirschner,Phytotaxa 771(1): 53. 2026 [26 Aug 2026] ,,,,"Ukraine (Ukraine, Eastern Europe, Europe)"
wfo-1000094738,urn:lsid:ipni.org:names:77395741-1,Taraxacum colonicum,Štěpánek & Kirschner,Phytotaxa 771(1): 54. 2026 [26 Aug 2026] ,,,,"Ukraine (Ukraine, Eastern Europe, Europe)"
wfo-1000094739,urn:lsid:ipni.org:names:77395742-1,Taraxacum petrae-albae,Štěpánek & Kirschner,Phytotaxa 771(1): 57. 2026 [26 Aug 2026] ,,,,"Ukraine (Ukraine, Eastern Europe, Europe)"
wfo-1000094740,urn:lsid:ipni.org:names:77395745-1,Taraxacum oppositum,Štěpánek & Kirschner,Phytotaxa 771(1): 60. 2026 [26 Aug 2026] ,,,,"Ukraine (Ukraine, Eastern Europe, Europe)"
wfo-1000094744,urn:lsid:ipni.org:names:77395753-1,Taraxacum pseudoserotinum,Štěpánek & Kirschner,Phytotaxa 771(1): 62. 2026 [26 Aug 2026] ,,,,"Ukraine (Ukraine, Eastern Europe, Europe)"
wfo-1000094745,urn:lsid:ipni.org:names:77395754-1,Taraxacum pudens,Štěpánek & Kirschner,Phytotaxa 771(1): 62. 2026 [26 Aug 2026] ,,,,"Ukraine (Ukraine, Eastern Europe, Europe)"
wfo-1000094746,urn:lsid:ipni.org:names:77395755-1,Taraxacum ambustulatum,Štěpánek & Kirschner,Phytotaxa 771(1): 66. 2026 [26 Aug 2026] ,,,,"Ukraine (Ukraine, Eastern Europe, Europe)"
wfo-1000094747,urn:lsid:ipni.org:names:77395756-1,Taraxacum borysthenicum,Štěpánek & Kirschner,Phytotaxa 771(1): 69. 2026 [26 Aug 2026] ,,,,"Ukraine (Ukraine, Eastern Europe, Europe)"
wfo-1000094748,urn:lsid:ipni.org:names:77395757-1,Taraxacum puellare,Štěpánek & Kirschner,Phytotaxa 771(1): 73. 2026 [26 Aug 2026] ,,,,"Ukraine (Ukraine, Eastern Europe, Europe)"
wfo-1000094749,urn:lsid:ipni.org:names:77395758-1,Taraxacum insulsum,Štěpánek & Kirschner,Phytotaxa 771(1): 74. 2026 [26 Aug 2026] ,,,,"Ukraine (Ukraine, Eastern Europe, Europe)"
wfo-1000094750,urn:lsid:ipni.org:names:77395759-1,Taraxacum contractiforme,Štěpánek & Kirschner,Phytotaxa 771(1): 76. 2026 [26 Aug 2026] ,,,,"Ukraine (Ukraine, Eastern Europe, Europe)"
wfo-1000094751,urn:lsid:ipni.org:names:77395760-1,Taraxacum melitopolis,Štěpánek & Kirschner,Phytotaxa 771(1): 78. 2026 [26 Aug 2026] ,,,,"Ukraine (Ukraine, Eastern Europe, Europe)"
wfo-1000094752,urn:lsid:ipni.org:names:77395761-1,Taraxacum graniticola,Štěpánek & Kirschner,Phytotaxa 771(1): 80. 2026 [26 Aug 2026] ,,,,"Ukraine (Ukraine, Eastern Europe, Europe)"
wfo-1000094753,urn:lsid:ipni.org:names:77395762-1,Taraxacum pseudoargenteum,Štěpánek & Kirschner,Phytotaxa 771(1): 81. 2026 [26 Aug 2026] ,,,,"Greece (Southeastern Europe, Europe);Ukraine (Ukraine, Eastern Europe, Europe);"
wfo-1000094754,urn:lsid:ipni.org:names:77395763-1,Taraxacum golias,"Štěpánek, Kirschner & Gürdal",Phytotaxa 771(1): 83. 2026 [26 Aug 2026] ,,,,"Turkey (Western Asia, Asia-Temperate)"
wfo-1000094755,urn:lsid:ipni.org:names:77395764-1,Taraxacum eburneum,Štěpánek & Kirschner,Phytotaxa 771(1): 84. 2026 [26 Aug 2026] ,,,,"Turkey (Western Asia, Asia-Temperate)"
wfo-1000094756,urn:lsid:ipni.org:names:77395765-1,Taraxacum vicinum,Štěpánek & Kirschner,Phytotaxa 771(1): 89. 2026 [26 Aug 2026] ,,,,"Spain (Spain, Southwestern Europe, Europe)"
wfo-1000094757,urn:lsid:ipni.org:names:77395766-1,Taraxacum ecclesiae-albae,Štěpánek & Kirschner,Phytotaxa 771(1): 111. 2026 [26 Aug 2026] ,,,,"Ukraine (Ukraine, Eastern Europe, Europe)"
wfo-1000094758,urn:lsid:ipni.org:names:77395767-1,Taraxacum saxicola,Štěpánek & Kirschner,Phytotaxa 771(1): 120. 2026 [26 Aug 2026] ,,,,"Ukraine (Ukraine, Eastern Europe, Europe)"
wfo-1000094759,urn:lsid:ipni.org:names:77395768-1,Taraxacum majale,Štěpánek & Kirschner,Phytotaxa 771(1): 127. 2026 [26 Aug 2026] ,,,,"Ukraine (Ukraine, Eastern Europe, Europe)"
wfo-1000094760,urn:lsid:ipni.org:names:77395769-1,Taraxacum askaniae-novae,Štěpánek & Kirschner,Phytotaxa 771(1): 129. 2026 [26 Aug 2026] ,,,,"Ukraine (Ukraine, Eastern Europe, Europe)"
wfo-1000094761,urn:lsid:ipni.org:names:77395770-1,Taraxacum papilionaceum,Štěpánek & Kirschner,Phytotaxa 771(1): 129. 2026 [26 Aug 2026] ,,,,"Ukraine (Ukraine, Eastern Europe, Europe)"
wfo-1000094762,urn:lsid:ipni.org:names:77395771-1,Taraxacum pseudopersicum,Štěpánek & Kirschner,Phytotaxa 771(1): 134. 2026 [26 Aug 2026] ,,,,"Ukraine (Ukraine, Eastern Europe, Europe)"
wfo-1000094763,urn:lsid:ipni.org:names:77395772-1,Taraxacum tataricum,Štěpánek & Kirschner,Phytotaxa 771(1): 147. 2026 [26 Aug 2026] ,,,,"Kazakhstan (Middle Asia, Asia-Temperate);Ukraine (Ukraine, Eastern Europe, Europe);"
wfo-1000094764,urn:lsid:ipni.org:names:77395773-1,Taraxacum profusum,Štěpánek & Kirschner,Phytotaxa 771(1): 148. 2026 [26 Aug 2026] ,,,,"Ukraine (Ukraine, Eastern Europe, Europe)"
wfo-1000094765,urn:lsid:ipni.org:names:77395774-1,Taraxacum maeoticum,Štěpánek & Kirschner,Phytotaxa 771(1): 151. 2026 [26 Aug 2026] ,,,,"Ukraine (Ukraine, Eastern Europe, Europe)"
wfo-1000094766,urn:lsid:ipni.org:names:77395775-1,Taraxacum fuscum,Štěpánek & Kirschner,Phytotaxa 771(1): 152. 2026 [26 Aug 2026] ,,,,"Ukraine (Ukraine, Eastern Europe, Europe)"
wfo-1000094767,urn:lsid:ipni.org:names:77395776-1,Taraxacum scanicoides,Štěpánek & Kirschner,Phytotaxa 771(1): 156. 2026 [26 Aug 2026] ,,,,"Ukraine (Ukraine, Eastern Europe, Europe)"
wfo-1000094768,urn:lsid:ipni.org:names:77395777-1,Taraxacum crossophyllum,Štěpánek & Kirschner,Phytotaxa 771(1): 158. 2026 [26 Aug 2026] ,,,,"Ukraine (Ukraine, Eastern Europe, Europe)"
wfo-1000094769,urn:lsid:ipni.org:names:77395778-1,Taraxacum rusticoides,Štěpánek & Kirschner,Phytotaxa 771(1): 161. 2026 [26 Aug 2026] ,,,,"Ukraine (Ukraine, Eastern Europe, Europe)"
wfo-1000094770,urn:lsid:ipni.org:names:77395779-1,Taraxacum passerinum,Štěpánek & Kirschner,Phytotaxa 771(1): 164. 2026 [26 Aug 2026] ,,,,"Ukraine (Ukraine, Eastern Europe, Europe)"
wfo-1000094771,urn:lsid:ipni.org:names:77395780-1,Taraxacum rostratum,Štěpánek & Kirschner,Phytotaxa 771(1): 164. 2026 [26 Aug 2026] ,,,,"Ukraine (Ukraine, Eastern Europe, Europe)"
wfo-1000094772,urn:lsid:ipni.org:names:77395781-1,Taraxacum cauponarium,Štěpánek & Kirschner,Phytotaxa 771(1): 166. 2026 [26 Aug 2026] ,,,,"Ukraine (Ukraine, Eastern Europe, Europe)"
wfo-1000094774,urn:lsid:ipni.org:names:77395784-1,Taraxacum scalpellatum,Štěpánek & Kirschner,Phytotaxa 771(1): 168. 2026 [26 Aug 2026] ,,,,"Ukraine (Ukraine, Eastern Europe, Europe)"
wfo-1000094775,urn:lsid:ipni.org:names:77395786-1,Taraxacum ucranicum,Štěpánek & Kirschner,Phytotaxa 771(1): 172. 2026 [26 Aug 2026] ,,,,"Ukraine (Ukraine, Eastern Europe, Europe)"
wfo-1000094776,urn:lsid:ipni.org:names:77395787-1,Taraxacum levidense,Štěpánek & Kirschner,Phytotaxa 771(1): 174. 2026 [26 Aug 2026] ,,,,"France (France, Southwestern Europe, Europe)"
wfo-1000094779,urn:lsid:ipni.org:names:77395790-1,Taraxacum mimeticum,Štěpánek & Kirschner,Phytotaxa 771(1): 182. 2026 [26 Aug 2026] ,,,,"Ukraine (Ukraine, Eastern Europe, Europe)"
wfo-1000094780,urn:lsid:ipni.org:names:77395791-1,Taraxacum subsellandii,Štěpánek & Kirschner,Phytotaxa 771(1): 184. 2026 [26 Aug 2026] ,,,,"Ukraine (Ukraine, Eastern Europe, Europe)"
wfo-1000094783,urn:lsid:ipni.org:names:77395794-1,Taraxacum voluptarium,Štěpánek & Kirschner,Phytotaxa 771(1): 186. 2026 [26 Aug 2026] ,,,,"Ukraine (Ukraine, Eastern Europe, Europe)"
wfo-1000094785,urn:lsid:ipni.org:names:77395796-1,Taraxacum succinctum,Štěpánek & Kirschner,Phytotaxa 771(1): 212. 2026 [26 Aug 2026] ,,,,"Turkey (Western Asia, Asia-Temperate);Ukraine (Ukraine, Eastern Europe, Europe);"
wfo-1000094787,urn:lsid:ipni.org:names:77395798-1,Taraxacum opiparum,Štěpánek & Kirschner,Phytotaxa 771(1): 216. 2026 [26 Aug 2026] ,,,,"Ukraine (Ukraine, Eastern Europe, Europe)"
wfo-1000094789,urn:lsid:ipni.org:names:77395800-1,Taraxacum terrificum,Štěpánek & Kirschner,Phytotaxa 771(1): 216. 2026 [26 Aug 2026] ,,,,"Ukraine (Ukraine, Eastern Europe, Europe)"
wfo-1000094793,urn:lsid:ipni.org:names:77395804-1,Taraxacum pseudoudum,Štěpánek & Kirschner,Phytotaxa 771(1): 220. 2026 [26 Aug 2026] ,,,,"Ukraine (Ukraine, Eastern Europe, Europe)"
wfo-1000094794,urn:lsid:ipni.org:names:77395805-1,Taraxacum indiscretum,Štěpánek & Kirschner,Phytotaxa 771(1): 222. 2026 [26 Aug 2026] ,,,,"Ukraine (Ukraine, Eastern Europe, Europe)"
wfo-1000094802,urn:lsid:ipni.org:names:77395816-1,Verbascum lesnovoensis,Micevski,Prilozi Makedon. Akad. Nauk. Umetn. Oddel. Biol. Med. Nauki 17(1-2): 17. 1996 ,,,,"Macedonia (Yugoslavia, Southeastern Europe, Europe)"
