ipni_id,title,nameComplete,uninomial,genusPart,specificEpithet,authorship,basionymAuthorship,combinationAuthorship,hasBasionym,publishedIn,microReference,year
17317840-1,,,,,,,,,,,,
17441-1,Amphicarpon Raf.,Amphicarpon,Amphicarpon,Amphicarpon,,Raf.,,"Raf.
    ",,Amer. Monthly Mag. & Crit. Rev.,2(3): 175,1818
30001329-2,,,,,,,,,,,,
30005097-2,,,,,,,,,,,,
30011033-2,,,,,,,,,,,,
30013568-2,,,,,,,,,,,,
30015981-2,,,,,,,,,,,,
30026893-2,,,,,,,,,,,,
30030131-2,,,,,,,,,,,,
30030450-2,Brunfelsia uniflora (Pohl) D.Don,Brunfelsia uniflora,Brunfelsia uniflora,Brunfelsia,uniflora,(Pohl) D.Don,(Pohl),"D.Don
    ",urn:lsid:ipni.org:names:815784-1,Edinburgh New Philos. J.,1829: 85,1829
30056348-2,,,,,,,,,,,,
30068230-2,,,,,,,,,,,,
30073134-2,,,,,,,,,,,,
30082083-2,,,,,,,,,,,,
30101931-2,,,,,,,,,,,,
30105677-2,,,,,,,,,,,,
30131458-2,,,,,,,,,,,,
30231437-2,,,,,,,,,,,,
30340351-2,,,,,,,,,,,,
30371960-2,,,,,,,,,,,,
30376811-2,,,,,,,,,,,,
30380161-2,,,,,,,,,,,,
30424487-2,,,,,,,,,,,,
307194-2,Erysimum pallasii [infrasp.unranked] bracteosum null,Erysimum pallasii [infrasp.unranked] bracteosum,Erysimum pallasii [infrasp.unranked] bracteosum,Erysimum,pallasii,,,,,Aliso,4: 118,1958
308113-2,Sedum parvum subsp. dendroides null,Sedum parvum subsp. dendroides,Sedum parvum subsp. dendroides,Sedum,parvum,,,,,,,
309255-2,Aster furcatus null,Aster furcatus,Aster furcatus,Aster,furcatus,,,,,,,
50063325-1,,,,,,,,,,,,
50066372-1,,,,,,,,,,,,
50176217-1,,,,,,,,,,,,
50178928-1,,,,,,,,,,,,
50190982-1,,,,,,,,,,,,
50200180-1,,,,,,,,,,,,
50217575-1,,,,,,,,,,,,
50227556-1,,,,,,,,,,,,
50230313-1,,,,,,,,,,,,
50238163-1,,,,,,,,,,,,
50363830-1,,,,,,,,,,,,
50379266-1,,,,,,,,,,,,
50397168-1,,,,,,,,,,,,
50397659-1,,,,,,,,,,,,
50399116-1,,,,,,,,,,,,
50420315-1,,,,,,,,,,,,
50469679-1,,,,,,,,,,,,
50489564-1,,,,,,,,,,,,
50504477-1,,,,,,,,,,,,
50526047-1,,,,,,,,,,,,
50531058-1,,,,,,,,,,,,
50533125-1,,,,,,,,,,,,
50559570-1,,,,,,,,,,,,
50568583-1,,,,,,,,,,,,
50611126-1,,,,,,,,,,,,
50612611-1,,,,,,,,,,,,
50783154-1,,,,,,,,,,,,
50829687-1,,,,,,,,,,,,
50881328-1,,,,,,,,,,,,
50896758-1,,,,,,,,,,,,
50905248-1,,,,,,,,,,,,
50905823-1,,,,,,,,,,,,
50916308-1,,,,,,,,,,,,
50916741-1,,,,,,,,,,,,
50918343-1,,,,,,,,,,,,
50919181-1,,,,,,,,,,,,
50919296-1,,,,,,,,,,,,
50919731-1,,,,,,,,,,,,
50921523-1,,,,,,,,,,,,
50921525-1,,,,,,,,,,,,
50923574-1,,,,,,,,,,,,
50936628-1,,,,,,,,,,,,
50936630-1,,,,,,,,,,,,
50936632-1,,,,,,,,,,,,
50941729-1,,,,,,,,,,,,
50942477-1,,,,,,,,,,,,
50943882-1,Fagara ailanthoides var. yakumontana Sugim.,Fagara ailanthoides var. yakumontana,Fagara ailanthoides var. yakumontana,Fagara,ailanthoides,Sugim.,,"Sugim.
    ",,New Keys Jap. Trees,258,1961
50944041-1,,,,,,,,,,,,
50948719-1,,,,,,,,,,,,
50948721-1,,,,,,,,,,,,
50949651-1,,,,,,,,,,,,
50954010-1,,,,,,,,,,,,
50954248-1,,,,,,,,,,,,
50955331-1,,,,,,,,,,,,
50955396-1,,,,,,,,,,,,
50956458-1,,,,,,,,,,,,
50957022-1,,,,,,,,,,,,
50957416-1,,,,,,,,,,,,
50957449-1,,,,,,,,,,,,
50957517-1,,,,,,,,,,,,
50957789-1,,,,,,,,,,,,
50958240-1,,,,,,,,,,,,
50958256-1,,,,,,,,,,,,
50958510-1,,,,,,,,,,,,
50959215-1,,,,,,,,,,,,
50960539-1,,,,,,,,,,,,
50966137-1,,,,,,,,,,,,
50966218-1,,,,,,,,,,,,
50972575-1,Artemisia fragrans var. phyllostachys Boiss.,Artemisia fragrans var. phyllostachys,Artemisia fragrans var. phyllostachys,Artemisia,fragrans,Boiss.,,"Boiss.
    ",,Fl. Orient. [Boissier],3: 366,1875
50972579-1,,,,,,,,,,,,
50972583-1,,,,,,,,,,,,
50972586-1,,,,,,,,,,,,
50972589-1,,,,,,,,,,,,
50972591-1,,,,,,,,,,,,
50972593-1,,,,,,,,,,,,
50972595-1,,,,,,,,,,,,
50972598-1,,,,,,,,,,,,
50972600-1,,,,,,,,,,,,
50972609-1,,,,,,,,,,,,
50973256-1,,,,,,,,,,,,
50975991-1,,,,,,,,,,,,
50979314-1,,,,,,,,,,,,
50982323-1,,,,,,,,,,,,
50982662-1,,,,,,,,,,,,
50988761-1,,,,,,,,,,,,
50992635-1,,,,,,,,,,,,
50995724-1,,,,,,,,,,,,
50996849-1,,,,,,,,,,,,
50998363-1,,,,,,,,,,,,
50998996-1,,,,,,,,,,,,
50999039-1,,,,,,,,,,,,
50999995-1,Euphorbia platyclada var. hardyi Rauh,Euphorbia platyclada var. hardyi,Euphorbia platyclada var. hardyi,Euphorbia,platyclada,Rauh,,"Rauh
    ",,Kakteen And. Sukk.,21(3): 46,1970
51000593-1,,,,,,,,,,,,
51000636-1,,,,,,,,,,,,
51007928-1,,,,,,,,,,,,
51008128-1,,,,,,,,,,,,
51008132-1,,,,,,,,,,,,
51012729-1,,,,,,,,,,,,
51013591-1,,,,,,,,,,,,
51013880-1,,,,,,,,,,,,
51016152-1,,,,,,,,,,,,
51018776-1,,,,,,,,,,,,
51021143-1,,,,,,,,,,,,
51021431-1,,,,,,,,,,,,
51021449-1,,,,,,,,,,,,
51021544-1,,,,,,,,,,,,
51021735-1,,,,,,,,,,,,
51024222-1,,,,,,,,,,,,
51029243-1,,,,,,,,,,,,
573969-1,Octopleura epibaterium null,Octopleura epibaterium,Octopleura epibaterium,Octopleura,epibaterium,,,,,Ind. Kew. supra,"i. 563 in syn., sphalm.",
60032990-3,,,,,,,,,,,,
60041779-3,,,,,,,,,,,,
60048615-3,,,,,,,,,,,,
77056818-1,Polystichum microchlamys var. azumiense Seriz.,Polystichum microchlamys var. azumiense,Polystichum microchlamys var. azumiense,Polystichum,microchlamys,Seriz.,,"Seriz.
    ",,J. Jap. Bot.,45(9): 262,1970
77169154-1,,,,,,,,,,,,
77311983-1,Potentilla wallichiana var. anemonifolia (Lehm.) Nakai,Potentilla wallichiana var. anemonifolia,Potentilla wallichiana var. anemonifolia,Potentilla,wallichiana,(Lehm.) Nakai,(Lehm.),"Nakai
    ",urn:lsid:ipni.org:names:727631-1,Bot. Mag. (Tokyo),30(354): 233,1916
77315001-1,Cliffortia dregeana var. spinosissima null,Cliffortia dregeana var. spinosissima,Cliffortia dregeana var. spinosissima,Cliffortia,dregeana,,,,,,,
