WFOID,IPNID,scientificName,authorship,namePublishedin,nomenclaturalStatus,originalName,originalNameAuthor
wfo-1000090254,urn:lsid:ipni.org:names:77380041-1,Festuca subgen. Hesperochloa,Piper,Contr. U.S. Natl. Herb. 10(1): 40. 1906 ,,,
wfo-1000090255,urn:lsid:ipni.org:names:77380042-1,Lolium subgen. Hesperochloa,(Piper) Englmaier,Neilreichia 16: 25. 2026 [2025 publ. 24 Apr 2026] ,,Poaceae Festuca subgen. Hesperochloa Piper,(Piper)
wfo-1000090256,urn:lsid:ipni.org:names:77380043-1,Lolium spectabile,(Bertol.) Englmaier,Neilreichia 16: 25. 2026 [2025 publ. 24 Apr 2026] ,,Poaceae Festuca spectabilis Bertol.,(Bertol.)
wfo-1200118571,urn:lsid:ipni.org:names:77380044-1,Lolium spectabile subsp. carniolicum,(Hack.) Englmaier,Neilreichia 16: 25. 2026 [2025 publ. 24 Apr 2026] ,,Poaceae Festuca spectabilis Jan var. carniolica Hack.,(Hack.)
wfo-1200118572,urn:lsid:ipni.org:names:77380045-1,Lolium spectabile subsp. affine,(Hack.) Englmaier,Neilreichia 16: 25. 2026 [2025 publ. 24 Apr 2026] ,,Poaceae Festuca affinis Hack.,(Hack.)
wfo-1000090257,urn:lsid:ipni.org:names:77380046-1,Lolium pulchellum,(Schrad.) Englmaier,Neilreichia 16: 26. 2026 [2025 publ. 24 Apr 2026] ,,Poaceae Festuca pulchella Schrad.,(Schrad.)
wfo-1200118573,urn:lsid:ipni.org:names:77380047-1,Lolium pulchellum subsp. juranum,(Gren.) Englmaier,Neilreichia 16: 26. 2026 [2025 publ. 24 Apr 2026] ,,Poaceae Festuca pulchella Schrad. var. jurana Gren.,(Gren.)
wfo-1000090258,urn:lsid:ipni.org:names:77380048-1,Festuca sect. Subbulbosae,Nyman ex Hack.,Bot. Centralbl. 8: 413. 1881 ,,,
wfo-1000090259,urn:lsid:ipni.org:names:77380049-1,Lolium subgen. Subbulbosae,(Nyman ex Hack.) Englmaier,Neilreichia 16: 26. 2026 [2025 publ. 24 Apr 2026] ,,Poaceae Festuca sect. Subbulbosae Nyman ex Hack.,(Nyman ex Hack.)
wfo-1000090260,urn:lsid:ipni.org:names:77380050-1,Lolium paniculatum,(L.) Englmaier,Neilreichia 16: 26. 2026 [2025 publ. 24 Apr 2026] ,,Poaceae Anthoxanthum paniculatum L.,(L.)
wfo-1200118634,urn:lsid:ipni.org:names:77380053-1,Lolium arundinaceum subsp. uechtritzianum,(Wiesb.) Englmaier,Neilreichia 16: 26. 2026 [2025 publ. 24 Apr 2026] ,isonym,Poaceae Festuca uechtritziana Wiesb.,(Wiesb.)
wfo-1000090262,urn:lsid:ipni.org:names:77380054-1,Schedonorus sect. Plantynia,Dumort.,Fl. Belg. (Dumortier) 159. 1827 ,,,
wfo-1000090263,urn:lsid:ipni.org:names:77380055-1,Lolium sect. Plantynia,(Dumort.) Englmaier,Neilreichia 16: 26. 2026 [2025 publ. 24 Apr 2026] ,,Poaceae Schedonorus sect. Plantynia Dumort.,(Dumort.)
wfo-1200118635,urn:lsid:ipni.org:names:77380057-1,Lolium rigidum subsp. loliaceum,(Bory & Chaub.) Englmaier,Neilreichia 16: 27. 2026 [2025 publ. 24 Apr 2026] ,,Poaceae Rottboellia loliacea Bory & Chaub.,(Bory & Chaub.)
wfo-1000090265,urn:lsid:ipni.org:names:77380058-1,Festuca ser. Variae,Janch. & Markgr.-Dann. ex Englmaier,Neilreichia 16: 27. 2026 [2025 publ. 24 Apr 2026] ,,,
wfo-1200118574,urn:lsid:ipni.org:names:77380059-1,Festuca varia var. handel-mazzettii,Krajina,Spisy Přír. Fak. Karlovy Univ. 106: 14. 1930 ,,,
wfo-1200118575,urn:lsid:ipni.org:names:77380060-1,Festuca scabriculmis subsp. handel-mazzettii,(Krajina) Englmaier,Neilreichia 16: 27. 2026 [2025 publ. 24 Apr 2026] ,,Poaceae Festuca varia Haenke var. handel-mazzettii Krajina,(Krajina)
wfo-1200118636,urn:lsid:ipni.org:names:77380061-1,Festuca varia subsp. winnebachensis,(Wallossek & Markgr.-Dann.) Englmaier,Neilreichia 16: 27. 2026 [2025 publ. 24 Apr 2026] ,,Poaceae Festuca varia Haenke var. winnebachensis Wallossek & Markgr.-Dann.,(Wallossek & Markgr.-Dann.)
wfo-1000090266,urn:lsid:ipni.org:names:77380062-1,Festuca sect. Loretia,(Duval-Jouve) Englmaier,Neilreichia 16: 27. 2026 [2025 publ. 24 Apr 2026] ,,Poaceae Loretia Duval-Jouve,(Duval-Jouve)
wfo-1200118576,urn:lsid:ipni.org:names:77380063-1,Festuca amethystina subsp. nemoralis,(Mert. & W.D.J.Koch) Englmaier,Neilreichia 16: 27. 2026 [2025 publ. 24 Apr 2026] ,Incorrect basionym cited but valid under Art. 41.8c. ICN (2025).,Poaceae Festuca duriuscula L. var. nemoralis Mert. & W.D.J.Koch,(Mert. & W.D.J.Koch)
wfo-1000090267,urn:lsid:ipni.org:names:77380064-1,Festuca ser. Violaceae,Janch. & Markgr.-Dann. ex Englmaier,Neilreichia 16: 28. 2026 [2025 publ. 24 Apr 2026] ,,,
wfo-1200118577,urn:lsid:ipni.org:names:77380065-1,Festuca ambigua subsp. ciliata,Englmaier,Neilreichia 16: 28. 2026 [2025 publ. 24 Apr 2026] ,,,
wfo-1200118639,urn:lsid:ipni.org:names:77380072-1,Festuca ambigua var. imberbis,(Vis.) Englmaier,Neilreichia 16: 29. 2026 [2025 publ. 24 Apr 2026] ,,Poaceae Festuca ciliata Danthoine ex DC. var. imberbis Vis.,(Vis.)
wfo-1200118640,urn:lsid:ipni.org:names:77380073-1,Festuca ambigua subsp. plumosa,(Boiss.) Englmaier,Neilreichia 16: 29. 2026 [2025 publ. 24 Apr 2026] ,,Poaceae Vulpia ciliata Link var. plumosa Boiss.,(Boiss.)
wfo-1000090268,urn:lsid:ipni.org:names:77380074-1,Festuca ser. Hallerianae,Janch. & Markgr.-Dann. ex Englmaier,Neilreichia 16: 29. 2026 [2025 publ. 24 Apr 2026] ,,,
wfo-1200118581,urn:lsid:ipni.org:names:77380075-1,Festuca trachyphylla subsp. brevipila,(R.Tracey) Englmaier,Neilreichia 16: 30. 2026 [2025 publ. 24 Apr 2026] ,,Poaceae Festuca brevipila R.Tracey,(R.Tracey)
wfo-4100006573,urn:lsid:ipni.org:names:77380112-1,Eragrostiola,"P.M.Peterson, Romasch. & Soreng",PhytoKeys 275: 4. 2026 [19 May 2026] ,,,
wfo-1000090297,urn:lsid:ipni.org:names:77380113-1,Eragrostiola spicata,"(Vasey) P.M.Peterson, Romasch. & Soreng",PhytoKeys 275: 6. 2026 [19 May 2026] ,,Poaceae Eragrostis spicata Vasey,(Vasey)
wfo-1200118657,urn:lsid:ipni.org:names:77380547-1,Avenula albinervis,(Boiss.) Rivas Mart.,Itinera Geobot. 18(2): 482. 2011 [16 Jul 2011] ,isonym,Poaceae Avena albinervis Boiss.,(Boiss.)
wfo-1200118658,urn:lsid:ipni.org:names:77380548-1,Avenula pubescens subsp. amethystina,(DC.) Rivas Mart.,Itinera Geobot. 18(2): 482. 2011 [16 Jul 2011] ,,Poaceae Avena amethystina DC.,(DC.)
wfo-1200118659,urn:lsid:ipni.org:names:77380549-1,Brachypodium sylvaticum subsp. gaditanum,(Talavera) Rivas Mart.,Itinera Geobot. 18(2): 482. 2011 [16 Jul 2011] ,,Poaceae Brachypodium gaditanum Talavera,(Talavera)
wfo-1000090554,urn:lsid:ipni.org:names:77380554-1,Celtica maroccana,(Pau & Font Quer) Rivas Mart.,Itinera Geobot. 18(2): 482. 2011 [16 Jul 2011] ,,Poaceae Stipa gigantea Link var. maroccana Pau & Font Quer,(Pau & Font Quer)
wfo-1200118623,urn:lsid:ipni.org:names:77380757-1,Stipa parviflora var. mareotica,Chrtek & Martinovský,Webbia 24: 398. 1969 ,,,
wfo-1000090608,urn:lsid:ipni.org:names:77380771-1,Pleioblastus munsuensis,"(Y.N.Lee) A.Gantsetseg, Y.J.Jang, E.K.Han & J.H.Lee",Phytotaxa 758(3): 270. 2026 [26 May 2026] ,,Poaceae Arundinaria munsuensis Y.N.Lee,(Y.N.Lee)
wfo-1000090612,urn:lsid:ipni.org:names:77380775-1,Gigantochloa nghiana,V.T.Tran,Phytotaxa 758(3): 294. 2026 [26 May 2026] ,,,
