WFOID,IPNID,scientificName,authorship,namePublishedin,Genus,nomenclaturalStatus,originalName,originalNameAuthor
wfo-1000090130,urn:lsid:ipni.org:names:77379792-1,Hieracium oycoviense,Szeląg,Phytotaxa 754(3): 294. 2026 [6 May 2026] ,Hieracium,,,
wfo-1000090134,urn:lsid:ipni.org:names:77379796-1,Hieracium caesnense,Szeląg,Phytotaxa 755(1): 108. 2026 [7 May 2026] ,Hieracium,,,
wfo-1000090269,urn:lsid:ipni.org:names:77380076-1,Hieracium anisodontum,T.E.Nilsson,Nordic J. Bot. 2026(5)-e05063: 2. [2 Feb 2026] ,Hieracium,,,
wfo-1000090270,urn:lsid:ipni.org:names:77380077-1,Hieracium erectifolium,T.E.Nilsson,Nordic J. Bot. 2026(5)-e05063: 12. [2 Feb 2026] ,Hieracium,,,
wfo-1000090271,urn:lsid:ipni.org:names:77380078-1,Hieracium bicoloriceps,T.E.Nilsson,Nordic J. Bot. 2026(5)-e05063: 4. [2 Feb 2026] ,Hieracium,,,
wfo-1000090272,urn:lsid:ipni.org:names:77380079-1,Hieracium lapsanae,T.E.Nilsson,Nordic J. Bot. 2026(5)-e05063: 19. [2 Feb 2026] ,Hieracium,,,
wfo-1000090273,urn:lsid:ipni.org:names:77380080-1,Hieracium multifolium,T.E.Nilsson,Nordic J. Bot. 2026(5)-e05063: 26. [2 Feb 2026] ,Hieracium,,,
wfo-1000090274,urn:lsid:ipni.org:names:77380081-1,Hieracium megaplicatum,T.E.Nilsson & T.Tyler,Nordic J. Bot. 2026(5)-e05063: 24. [2 Feb 2026] ,Hieracium,,,
wfo-1000090275,urn:lsid:ipni.org:names:77380082-1,Hieracium ditrichum,T.E.Nilsson,Nordic J. Bot. 2026(5)-e05063: 8. [2 Feb 2026] ,Hieracium,,,
wfo-1000090276,urn:lsid:ipni.org:names:77380083-1,Hieracium ferox,T.E.Nilsson,Nordic J. Bot. 2026(5)-e05063: 15. [2 Feb 2026] ,Hieracium,,,
wfo-1000090277,urn:lsid:ipni.org:names:77380084-1,Hieracium luteoviride,T.E.Nilsson,Nordic J. Bot. 2026(5)-e05063: 21. [2 Feb 2026] ,Hieracium,,,
wfo-1000090278,urn:lsid:ipni.org:names:77380085-1,Hieracium perpendiculum,T.E.Nilsson,Nordic J. Bot. 2026(5)-e05063: 31. [2 Feb 2026] ,Hieracium,,,
wfo-1000090279,urn:lsid:ipni.org:names:77380086-1,Hieracium phaeochlorum,T.E.Nilsson,Nordic J. Bot. 2026(5)-e05063: 34. [2 Feb 2026] ,Hieracium,,,
wfo-1000090280,urn:lsid:ipni.org:names:77380087-1,Hieracium prasiniceps,T.E.Nilsson,Nordic J. Bot. 2026(5)-e05063: 36. [2 Feb 2026] ,Hieracium,,,
wfo-1000090281,urn:lsid:ipni.org:names:77380088-1,Hieracium semirigidum,T.E.Nilsson,Nordic J. Bot. 2026(5)-e05063: 39. [2 Feb 2026] ,Hieracium,,,
wfo-1000090282,urn:lsid:ipni.org:names:77380094-1,Hieracium xantholineatum,T.E.Nilsson,Nordic J. Bot. 2026(5)-e05063: 53. [2 Feb 2026] ,Hieracium,,,
wfo-1000090283,urn:lsid:ipni.org:names:77380095-1,Hieracium hesperidifrons,T.E.Nilsson,Nordic J. Bot. 2026(5)-e05063: 56. [2 Feb 2026] ,Hieracium,,,
wfo-1000090284,urn:lsid:ipni.org:names:77380096-1,Hieracium spinophytoides,T.E.Nilsson,Nordic J. Bot. 2026(5)-e05063: 46. [2 Feb 2026] ,Hieracium,,,
wfo-1000090650,urn:lsid:ipni.org:names:77380097-1,Hieracium melanostigma,T.E.Nilsson,Nordic J. Bot. 2026(5)-e05063: 25. [2 Feb 2026] ,Hieracium,,,
wfo-1000090285,urn:lsid:ipni.org:names:77380098-1,Hieracium serriolum,T.E.Nilsson,Nordic J. Bot. 2026(5)-e05063: 42. [2 Feb 2026] ,Hieracium,,,
wfo-1000090286,urn:lsid:ipni.org:names:77380099-1,Hieracium svensonii,T.E.Nilsson,Nordic J. Bot. 2026(5)-e05063: 49. [2 Feb 2026] ,Hieracium,,,
wfo-1000090287,urn:lsid:ipni.org:names:77380100-1,Hieracium disparifolium,(Johanss.) T.E.Nilsson,Nordic J. Bot. 2026(5)-e05063: 8. [2 Feb 2026] ,Hieracium,,Asteraceae Hieracium poliothapsinum Johanss. var. disparifolium Johanss.,(Johanss.)
wfo-1200118582,urn:lsid:ipni.org:names:77380102-1,Hieracium floccimarginatum subsp. paer-haraldii,H.Lindb.,Exsicc. (Pl. Finland.) Fasc. 21-42: 203. 1944 ,Hieracium,,,
wfo-1000090288,urn:lsid:ipni.org:names:77380103-1,Hieracium paer-haraldi,(H.Lindb.) T.E.Nilsson,Nordic J. Bot. 2026(5)-e05063: 30. [2 Feb 2026] ,Hieracium,,Asteraceae Hieracium floccimarginatum Brenner subsp. paer-haraldii H.Lindb.,(H.Lindb.)
wfo-1000090347,urn:lsid:ipni.org:names:77380180-1,Taraxacum kiesewetteri,M.Hassl. & P.Kirchm.,Kochia 19: 134. 2026 [8 Mar 2026] ,Taraxacum,,,
wfo-1000090348,urn:lsid:ipni.org:names:77380181-1,Taraxacum rugianum,Kiesew. & M.Hassl.,Kochia 19: 197. 2026 [8 Mar 2026] ,Taraxacum,,,
wfo-1000090349,urn:lsid:ipni.org:names:77380182-1,Taraxacum caprimontanum,P.Kirchm. & M.Hassl.,Kochia 19: 194. 2026 [8 Mar 2026] ,Taraxacum,,,
wfo-1000090559,urn:lsid:ipni.org:names:77380560-1,Hieracium eliae-prophetae,Szeląg,Phytotaxa 756(3): 293. 2026 [15 May 2026] ,Hieracium,,,
